{
  "empirical_p_value": 0.016983016983016984,
  "mechanism": "permutation_test",
  "n_permutations": 1000,
  "null_top_score_quantiles": {
    "max": 1.6405851428578515,
    "median": 1.047788428571566,
    "min": 0.7107002857132081,
    "q25": 0.941887428571672,
    "q75": 1.1565632857143144
  },
  "observed_top_composite_score": 1.4808857142865828,
  "observed_top_ensembl": "ENSG00000174697",
  "seed": 42
}